DELETE FROM fertilizer_recommendations;
DELETE FROM soil_tests;
DELETE FROM farms;
DELETE FROM farmers;
DELETE FROM districts;
DELETE FROM states;
INSERT INTO states (state_id, name, code) VALUES (1, 'Arunachal Pradesh', 'AR');
INSERT INTO states (state_id, name, code) VALUES (2, 'Assam', 'AS');
INSERT INTO states (state_id, name, code) VALUES (3, 'Bihar', 'BR');
INSERT INTO states (state_id, name, code) VALUES (4, 'Delhi', 'DL');
INSERT INTO states (state_id, name, code) VALUES (5, 'Gujarat', 'GJ');
INSERT INTO states (state_id, name, code) VALUES (6, 'Himachal Pradesh', 'HP');
INSERT INTO states (state_id, name, code) VALUES (7, 'Karnataka', 'KA');
INSERT INTO states (state_id, name, code) VALUES (8, 'Kerala', 'KL');
INSERT INTO states (state_id, name, code) VALUES (9, 'Madhya Pradesh', 'MP');
INSERT INTO states (state_id, name, code) VALUES (10, 'Maharashtra', 'MH');
INSERT INTO states (state_id, name, code) VALUES (11, 'Odisha', 'OR');
INSERT INTO states (state_id, name, code) VALUES (12, 'Punjab', 'PB');
INSERT INTO states (state_id, name, code) VALUES (13, 'Rajasthan', 'RJ');
INSERT INTO states (state_id, name, code) VALUES (14, 'Tamil Nadu', 'TN');
INSERT INTO states (state_id, name, code) VALUES (15, 'Telangana', 'TG');
INSERT INTO states (state_id, name, code) VALUES (16, 'Uttar Pradesh', 'UP');
INSERT INTO states (state_id, name, code) VALUES (17, 'Uttarakhand', 'UK');
INSERT INTO states (state_id, name, code) VALUES (18, 'West Bengal', 'WB');
INSERT INTO districts (district_id, state_id, name) VALUES (1, 16, 'Uttar Pradesh District 226');
INSERT INTO districts (district_id, state_id, name) VALUES (2, 18, 'West Bengal District 700');
INSERT INTO districts (district_id, state_id, name) VALUES (3, 10, 'Maharashtra District 411');
INSERT INTO districts (district_id, state_id, name) VALUES (4, 4, 'Delhi District 110');
INSERT INTO districts (district_id, state_id, name) VALUES (5, 15, 'Telangana District 500');
INSERT INTO districts (district_id, state_id, name) VALUES (6, 8, 'Kerala District 682');
INSERT INTO districts (district_id, state_id, name) VALUES (7, 12, 'Punjab District 160');
INSERT INTO districts (district_id, state_id, name) VALUES (8, 13, 'Rajasthan District 302');
INSERT INTO districts (district_id, state_id, name) VALUES (9, 7, 'Karnataka District 560');
INSERT INTO districts (district_id, state_id, name) VALUES (10, 11, 'Odisha District 751');
INSERT INTO districts (district_id, state_id, name) VALUES (11, 9, 'Madhya Pradesh District 462');
INSERT INTO districts (district_id, state_id, name) VALUES (12, 5, 'Gujarat District 380');
INSERT INTO districts (district_id, state_id, name) VALUES (13, 17, 'Uttarakhand District 248');
INSERT INTO districts (district_id, state_id, name) VALUES (14, 14, 'Tamil Nadu District 600');
INSERT INTO districts (district_id, state_id, name) VALUES (15, 2, 'Assam District 781');
INSERT INTO districts (district_id, state_id, name) VALUES (16, 6, 'Himachal Pradesh District 171');
INSERT INTO districts (district_id, state_id, name) VALUES (17, 3, 'Bihar District 800');
INSERT INTO districts (district_id, state_id, name) VALUES (18, 1, 'Arunachal Pradesh District 791');
INSERT INTO farmers (farmer_id, username, password_hash, full_name, phone) VALUES (1, 'raj_kumar98', '950dcf8d99ebf7e65e735ae90650af70929c96425aef5bd41c8cd47d50190eb3', 'Raj Kumar', '9876543001');
INSERT INTO farms (farm_id, farmer_id, district_id, postal_code) VALUES (1, 1, 1, '226001');
INSERT INTO soil_tests (test_id, farm_id, nitrogen_val, phosphorus_val, potassium_val, ph_val) VALUES (1, 1, 200, 20, 150, 6.5);
INSERT INTO fertilizer_recommendations (rec_id, test_id, crop_id, urea_dose, dap_dose, mop_dose) VALUES (1, 1, 1, 50, 20, 30);
INSERT INTO farmers (farmer_id, username, password_hash, full_name, phone) VALUES (2, 'ananya.mitra', '3b2a9dafddb0948c7a25f22cc845fa0d384aacfa3d785c7ccd50928fe51f1094', 'Ananya Mitra', '9876543002');
INSERT INTO farms (farm_id, farmer_id, district_id, postal_code) VALUES (2, 2, 2, '700091');
INSERT INTO soil_tests (test_id, farm_id, nitrogen_val, phosphorus_val, potassium_val, ph_val) VALUES (2, 2, 205, 21, 152, 6.6);
INSERT INTO fertilizer_recommendations (rec_id, test_id, crop_id, urea_dose, dap_dose, mop_dose) VALUES (2, 2, 1, 51, 21, 31);
INSERT INTO farmers (farmer_id, username, password_hash, full_name, phone) VALUES (3, 'vivek_pat97', 'bed9c53e96033f234fa69be6e0313a76a773303cd8608f473a68d57d6aad212a', 'Vivek Patil', '9876543003');
INSERT INTO farms (farm_id, farmer_id, district_id, postal_code) VALUES (3, 3, 3, '411014');
INSERT INTO soil_tests (test_id, farm_id, nitrogen_val, phosphorus_val, potassium_val, ph_val) VALUES (3, 3, 210, 22, 154, 6.7);
INSERT INTO fertilizer_recommendations (rec_id, test_id, crop_id, urea_dose, dap_dose, mop_dose) VALUES (3, 3, 1, 52, 22, 32);
INSERT INTO farmers (farmer_id, username, password_hash, full_name, phone) VALUES (4, 'harshita_gupta', '8295302ef383bf5b3d2259b50999adafc6fe7bb9b3ed074af25a875df2b7c578', 'Harshita Gupta', '9876543004');
INSERT INTO farms (farm_id, farmer_id, district_id, postal_code) VALUES (4, 4, 4, '110092');
INSERT INTO soil_tests (test_id, farm_id, nitrogen_val, phosphorus_val, potassium_val, ph_val) VALUES (4, 4, 215, 23, 156, 6.8);
INSERT INTO fertilizer_recommendations (rec_id, test_id, crop_id, urea_dose, dap_dose, mop_dose) VALUES (4, 4, 1, 53, 23, 33);
INSERT INTO farmers (farmer_id, username, password_hash, full_name, phone) VALUES (5, 'karthik_r', '6a3fc66b36403496d29abc3a206e337f9eed86392fc4e75b3c56e4ee08d20c05', 'Karthik Reddy', '9876543005');
INSERT INTO farms (farm_id, farmer_id, district_id, postal_code) VALUES (5, 5, 5, '500081');
INSERT INTO soil_tests (test_id, farm_id, nitrogen_val, phosphorus_val, potassium_val, ph_val) VALUES (5, 5, 220, 24, 158, 6.9);
INSERT INTO fertilizer_recommendations (rec_id, test_id, crop_id, urea_dose, dap_dose, mop_dose) VALUES (5, 5, 1, 54, 24, 34);
INSERT INTO farmers (farmer_id, username, password_hash, full_name, phone) VALUES (6, 'sneha.nair', '84d3c2ce08c41c043930b82330af39da322a1430fd921ea2847b706bb37c975f', 'Sneha Nair', '9876543006');
INSERT INTO farms (farm_id, farmer_id, district_id, postal_code) VALUES (6, 6, 6, '682020');
INSERT INTO soil_tests (test_id, farm_id, nitrogen_val, phosphorus_val, potassium_val, ph_val) VALUES (6, 6, 225, 25, 160, 7.0);
INSERT INTO fertilizer_recommendations (rec_id, test_id, crop_id, urea_dose, dap_dose, mop_dose) VALUES (6, 6, 1, 55, 25, 35);
INSERT INTO farmers (farmer_id, username, password_hash, full_name, phone) VALUES (7, 'aman_singh01', 'f3bc19e750b07ccb596370f1d3fb5ab6c7b703341e7378405fe9b6bea829ef8a', 'Aman Singh', '9876543007');
INSERT INTO farms (farm_id, farmer_id, district_id, postal_code) VALUES (7, 7, 7, '160022');
INSERT INTO soil_tests (test_id, farm_id, nitrogen_val, phosphorus_val, potassium_val, ph_val) VALUES (7, 7, 230, 26, 162, 7.1);
INSERT INTO fertilizer_recommendations (rec_id, test_id, crop_id, urea_dose, dap_dose, mop_dose) VALUES (7, 7, 1, 56, 26, 36);
INSERT INTO farmers (farmer_id, username, password_hash, full_name, phone) VALUES (8, 'priya_sharma22', '7566d153d7d06ff4da95a50b8561aae19150e83820cff6a30205eaf9601399d3', 'Priya Sharma', '9876543008');
INSERT INTO farms (farm_id, farmer_id, district_id, postal_code) VALUES (8, 8, 8, '302017');
INSERT INTO soil_tests (test_id, farm_id, nitrogen_val, phosphorus_val, potassium_val, ph_val) VALUES (8, 8, 235, 27, 164, 7.2);
INSERT INTO fertilizer_recommendations (rec_id, test_id, crop_id, urea_dose, dap_dose, mop_dose) VALUES (8, 8, 1, 57, 27, 37);
INSERT INTO farmers (farmer_id, username, password_hash, full_name, phone) VALUES (9, 'arjun_menon', 'adfd4821d0cc10d0833254cfc72599bacb306261e1a5ac4f9658c66f83b82f37', 'Arjun Menon', '9876543009');
INSERT INTO farms (farm_id, farmer_id, district_id, postal_code) VALUES (9, 9, 9, '560037');
INSERT INTO soil_tests (test_id, farm_id, nitrogen_val, phosphorus_val, potassium_val, ph_val) VALUES (9, 9, 240, 28, 166, 7.3);
INSERT INTO fertilizer_recommendations (rec_id, test_id, crop_id, urea_dose, dap_dose, mop_dose) VALUES (9, 9, 1, 58, 28, 38);
INSERT INTO farmers (farmer_id, username, password_hash, full_name, phone) VALUES (10, 'neha_das', '2c247a02c4a2ac0d52256260323fb18ef6735f1683ce25a18fab73123b6c2083', 'Neha Das', '9876543010');
INSERT INTO farms (farm_id, farmer_id, district_id, postal_code) VALUES (10, 10, 10, '751024');
INSERT INTO soil_tests (test_id, farm_id, nitrogen_val, phosphorus_val, potassium_val, ph_val) VALUES (10, 10, 245, 29, 168, 7.4);
INSERT INTO fertilizer_recommendations (rec_id, test_id, crop_id, urea_dose, dap_dose, mop_dose) VALUES (10, 10, 1, 59, 29, 39);
INSERT INTO farmers (farmer_id, username, password_hash, full_name, phone) VALUES (11, 'rohit_verma007', 'bfc189f6ebaee9b38835342887934d62a022158924325cd106624b8b854d93bc', 'Rohit Verma', '9876543011');
INSERT INTO farms (farm_id, farmer_id, district_id, postal_code) VALUES (11, 11, 1, '226001');
INSERT INTO soil_tests (test_id, farm_id, nitrogen_val, phosphorus_val, potassium_val, ph_val) VALUES (11, 11, 250, 30, 170, 6.5);
INSERT INTO fertilizer_recommendations (rec_id, test_id, crop_id, urea_dose, dap_dose, mop_dose) VALUES (11, 11, 1, 60, 30, 40);
INSERT INTO farmers (farmer_id, username, password_hash, full_name, phone) VALUES (12, 'pooja_choudhary', 'c14470afe5dd5ce6b10be8d90553b73f4604ea8727dd5995e90eadbe629b863a', 'Pooja Choudhary', '9876543012');
INSERT INTO farms (farm_id, farmer_id, district_id, postal_code) VALUES (12, 12, 11, '462016');
INSERT INTO soil_tests (test_id, farm_id, nitrogen_val, phosphorus_val, potassium_val, ph_val) VALUES (12, 12, 255, 31, 172, 6.6);
INSERT INTO fertilizer_recommendations (rec_id, test_id, crop_id, urea_dose, dap_dose, mop_dose) VALUES (12, 12, 1, 61, 31, 41);
INSERT INTO farmers (farmer_id, username, password_hash, full_name, phone) VALUES (13, 'imran_khan786', '93380f3939467aa994a388b1d1af8b7f8cac782f2dfd0f87dc674ec167e5fae4', 'Imran Khan', '9876543013');
INSERT INTO farms (farm_id, farmer_id, district_id, postal_code) VALUES (13, 13, 12, '380015');
INSERT INTO soil_tests (test_id, farm_id, nitrogen_val, phosphorus_val, potassium_val, ph_val) VALUES (13, 13, 260, 32, 174, 6.7);
INSERT INTO fertilizer_recommendations (rec_id, test_id, crop_id, urea_dose, dap_dose, mop_dose) VALUES (13, 13, 1, 62, 32, 42);
INSERT INTO farmers (farmer_id, username, password_hash, full_name, phone) VALUES (14, 'deepak_rawat', 'b3b110db28fa85bb7e3ac3de5ff7f82dca544b9149374fcb007040187254961c', 'Deepak Rawat', '9876543014');
INSERT INTO farms (farm_id, farmer_id, district_id, postal_code) VALUES (14, 14, 13, '248001');
INSERT INTO soil_tests (test_id, farm_id, nitrogen_val, phosphorus_val, potassium_val, ph_val) VALUES (14, 14, 265, 33, 176, 6.8);
INSERT INTO fertilizer_recommendations (rec_id, test_id, crop_id, urea_dose, dap_dose, mop_dose) VALUES (14, 14, 1, 63, 33, 43);
INSERT INTO farmers (farmer_id, username, password_hash, full_name, phone) VALUES (15, 'kavya_iyer', '7fcf5d7751fbac08c44a6a70f7869e417787e8b337cc3c43c6e2a81e8e72e633', 'Kavya Iyer', '9876543015');
INSERT INTO farms (farm_id, farmer_id, district_id, postal_code) VALUES (15, 15, 14, '600113');
INSERT INTO soil_tests (test_id, farm_id, nitrogen_val, phosphorus_val, potassium_val, ph_val) VALUES (15, 15, 270, 34, 178, 6.9);
INSERT INTO fertilizer_recommendations (rec_id, test_id, crop_id, urea_dose, dap_dose, mop_dose) VALUES (15, 15, 1, 64, 34, 44);
INSERT INTO farmers (farmer_id, username, password_hash, full_name, phone) VALUES (16, 'rahul_borah', '30578df7ca31abd6ee172b16d530349358605bbeaa1eabd39af780c7308a76ae', 'Rahul Borah', '9876543016');
INSERT INTO farms (farm_id, farmer_id, district_id, postal_code) VALUES (16, 16, 15, '781036');
INSERT INTO soil_tests (test_id, farm_id, nitrogen_val, phosphorus_val, potassium_val, ph_val) VALUES (16, 16, 275, 35, 180, 7.0);
INSERT INTO fertilizer_recommendations (rec_id, test_id, crop_id, urea_dose, dap_dose, mop_dose) VALUES (16, 16, 1, 65, 35, 45);
INSERT INTO farmers (farmer_id, username, password_hash, full_name, phone) VALUES (17, 'shalini_jain', '58e27616f54618ff125250c2cc2d1fe4d3a3b850355156a1b71e2421cd5c1fb2', 'Shalini Jain', '9876543017');
INSERT INTO farms (farm_id, farmer_id, district_id, postal_code) VALUES (17, 17, 8, '302017');
INSERT INTO soil_tests (test_id, farm_id, nitrogen_val, phosphorus_val, potassium_val, ph_val) VALUES (17, 17, 280, 36, 182, 7.1);
INSERT INTO fertilizer_recommendations (rec_id, test_id, crop_id, urea_dose, dap_dose, mop_dose) VALUES (17, 17, 1, 66, 36, 46);
INSERT INTO farmers (farmer_id, username, password_hash, full_name, phone) VALUES (18, 'manoj_thakur', 'd39cf6ae1d95949e5f680de48fa36f231e6c94b9b267e763ce1d8be2ef486d85', 'Manoj Thakur', '9876543018');
INSERT INTO farms (farm_id, farmer_id, district_id, postal_code) VALUES (18, 18, 16, '171001');
INSERT INTO soil_tests (test_id, farm_id, nitrogen_val, phosphorus_val, potassium_val, ph_val) VALUES (18, 18, 285, 37, 184, 7.2);
INSERT INTO fertilizer_recommendations (rec_id, test_id, crop_id, urea_dose, dap_dose, mop_dose) VALUES (18, 18, 1, 67, 37, 47);
INSERT INTO farmers (farmer_id, username, password_hash, full_name, phone) VALUES (19, 'farhan_ali', 'c4c19c4b3d615f12d891c17b0e98149ebd90daf6bc394ff9600850c44bb03ac0', 'Farhan Ali', '9876543019');
INSERT INTO farms (farm_id, farmer_id, district_id, postal_code) VALUES (19, 19, 17, '800020');
INSERT INTO soil_tests (test_id, farm_id, nitrogen_val, phosphorus_val, potassium_val, ph_val) VALUES (19, 19, 290, 38, 186, 7.3);
INSERT INTO fertilizer_recommendations (rec_id, test_id, crop_id, urea_dose, dap_dose, mop_dose) VALUES (19, 19, 1, 68, 38, 48);
INSERT INTO farmers (farmer_id, username, password_hash, full_name, phone) VALUES (20, 'tashi_dolma', '55f8d881331adfd545014e1abb34458e1256f354896c262cd7fc20d82e8fa5e6', 'Tashi Dolma', '9876543020');
INSERT INTO farms (farm_id, farmer_id, district_id, postal_code) VALUES (20, 20, 18, '791111');
INSERT INTO soil_tests (test_id, farm_id, nitrogen_val, phosphorus_val, potassium_val, ph_val) VALUES (20, 20, 295, 39, 188, 7.4);
INSERT INTO fertilizer_recommendations (rec_id, test_id, crop_id, urea_dose, dap_dose, mop_dose) VALUES (20, 20, 1, 69, 39, 49);
SELECT setval('states_state_id_seq', (SELECT MAX(state_id) FROM states));
SELECT setval('districts_district_id_seq', (SELECT MAX(district_id) FROM districts));
SELECT setval('farmers_farmer_id_seq', (SELECT MAX(farmer_id) FROM farmers));
SELECT setval('farms_farm_id_seq', (SELECT MAX(farm_id) FROM farms));
SELECT setval('soil_tests_test_id_seq', (SELECT MAX(test_id) FROM soil_tests));
SELECT setval('fertilizer_recommendations_rec_id_seq', (SELECT MAX(rec_id) FROM fertilizer_recommendations));